1,Oralee,Shergill,oshergill0@yolasite.com,Female,552-110-9516
2,Daffi,Althorpe,dalthorpe1@salon.com,Non-binary,546-701-7339
3,Margeaux,Caser,mcaser2@sphinn.com,Female,343-721-1306
4,Brita,Memmory,bmemmory3@bandcamp.com,Female,278-915-0616
5,Adda,Grubbe,agrubbe4@nps.gov,Female,300-292-8860
6,Nikaniki,Dowling,ndowling5@feedburner.com,Female,712-953-0254
7,Ilaire,Mynard,imynard6@unicef.org,Male,362-453-6527
8,Lizzy,Tamas,ltamas7@devhub.com,Female,425-218-0365
9,Fredelia,Butler,fbutler8@about.me,Female,769-764-8858
10,Wakefield,Bambridge,wbambridge9@github.io,Male,515-690-0898
11,Annmaria,Standering,astanderinga@ocn.ne.jp,Polygender,581-941-5856
12,Leeland,Rentenbeck,lrentenbeckb@fda.gov,Male,293-195-5395
13,Johnnie,Harford,jharfordc@symantec.com,Male,135-310-0983
14,Kalle,Schleswig-Holstein,kschleswigholsteind@usa.gov,Male,287-612-8453
15,Adelle,Crossan,acrossane@msn.com,Female,523-811-4608
16,Hillary,Marchent,hmarchentf@twitter.com,Female,180-565-3215
17,Ignatius,Sausman,isausmang@vistaprint.com,Male,405-146-0558
18,Mikael,Kermit,mkermith@mapy.cz,Male,387-499-1401
19,Fiona,Fulbrook,ffulbrooki@walmart.com,Female,856-265-9603
20,Bernard,Maillard,bmaillardj@nbcnews.com,Male,675-114-1739
21,Ferdinand,Tretwell,ftretwellk@phpbb.com,Male,884-209-8710
22,Cloe,Muirhead,cmuirheadl@go.com,Female,968-986-9977
23,George,Adshad,gadshadm@dell.com,Male,460-277-1516
24,Thurstan,Mallinder,tmallindern@ehow.com,Male,992-821-6097
25,Sosanna,Geipel,sgeipelo@toplist.cz,Female,412-205-4378
26,Ewart,Fero,eferop@bizjournals.com,Male,504-950-2532
27,Veradis,Moar,vmoarq@berkeley.edu,Bigender,541-832-6585
28,Jeramie,Cowdroy,jcowdroyr@over-blog.com,Male,864-494-8703
29,Andra,Masterman,amastermans@quantcast.com,Female,405-941-3607
30,Gaye,Trank,gtrankt@privacy.gov.au,Female,217-228-7044
31,Teador,Jordison,tjordisonu@51.la,Male,118-553-4340
32,John,Hasted,jhastedv@trellian.com,Male,137-465-1501
33,Deanna,McGlaud,dmcglaudw@prnewswire.com,Female,752-997-7159
34,Dayna,Cuel,dcuelx@goodreads.com,Female,962-607-5692
35,Quint,Stronge,qstrongey@economist.com,Male,528-755-3645
36,Vale,Peachey,vpeacheyz@redcross.org,Male,633-598-4771
37,Franky,Ollarenshaw,follarenshaw10@auda.org.au,Genderfluid,528-516-1673
38,Aylmar,de Keep,adekeep11@earthlink.net,Genderqueer,446-822-1635
39,Alethea,Akister,aakister12@gov.uk,Female,966-649-8978
40,Clemmy,MacGoun,cmacgoun13@myspace.com,Female,155-271-1822
41,Sybil,Stollsteiner,sstollsteiner14@issuu.com,Female,389-717-5818
42,Margery,Gilbanks,mgilbanks15@istockphoto.com,Bigender,986-885-2572
43,Dickie,Tivers,dtivers16@java.com,Male,422-459-5469
44,Iormina,Crayton,icrayton17@ca.gov,Female,921-566-4087
45,Aloin,MacGovern,amacgovern18@hao123.com,Male,353-848-7192
46,Dee,Wanka,dwanka19@ftc.gov,Female,164-870-7201
47,Fredek,Faveryear,ffaveryear1a@reddit.com,Male,673-704-7593
48,Ethelred,Scowen,escowen1b@vk.com,Male,382-309-9315
49,Reece,Noraway,rnoraway1c@hostgator.com,Non-binary,851-864-2425
50,Elisabetta,Stonham,estonham1d@washingtonpost.com,Female,727-941-7182
51,Vickie,Edge,vedge1e@newyorker.com,Bigender,340-350-8527
52,Dorian,Cyples,dcyples1f@google.com.hk,Male,875-306-8785
53,Vergil,Greenin,vgreenin1g@prlog.org,Male,820-288-7942
54,Arnie,Harrild,aharrild1h@fastcompany.com,Male,215-457-6670
55,Blake,Coraini,bcoraini1i@nature.com,Female,862-292-7557
56,Myrwyn,Gyngell,mgyngell1j@artisteer.com,Male,289-173-9775
57,Odell,McMichael,omcmichael1k@phpbb.com,Male,253-400-5694
58,Hans,Joncic,hjoncic1l@eventbrite.com,Male,865-452-0106
59,Basil,Grimwood,bgrimwood1m@guardian.co.uk,Male,815-385-5837
60,Chancey,McPhater,cmcphater1n@taobao.com,Male,508-683-9548
61,Morse,Doy,mdoy1o@google.com.br,Male,338-758-4402
62,Jacky,Raubenheimers,jraubenheimers1p@jimdo.com,Female,564-275-6670
63,Aube,Checklin,achecklin1q@oracle.com,Male,593-117-0859
64,Alon,Fey,afey1r@omniture.com,Male,757-480-0870
65,Jedd,Jakubski,jjakubski1s@google.ru,Male,973-274-1273
66,Carlo,Itzak,citzak1t@time.com,Male,334-111-2443
67,Karlis,Simonini,ksimonini1u@constantcontact.com,Male,355-346-7925
68,Kyrstin,Hassard,khassard1v@goodreads.com,Female,550-925-8962
69,Bevvy,Jamot,bjamot1w@chronoengine.com,Bigender,100-326-7008
70,Rowan,Burland,rburland1x@ca.gov,Male,347-947-1179
71,Luke,Britch,lbritch1y@google.de,Male,260-323-3561
72,Hubey,Hatch,hhatch1z@sphinn.com,Male,615-229-5080
73,Brandy,Willbourne,bwillbourne20@netscape.com,Female,755-189-3388
74,Paula,Vivash,pvivash21@google.ca,Female,728-234-6991
75,Geoff,Schirok,gschirok22@usgs.gov,Male,268-627-2540
76,Edmund,Burdell,eburdell23@kickstarter.com,Male,767-149-7391
77,Koral,Huyton,khuyton24@spiegel.de,Female,707-427-5347
78,Bordie,Gozney,bgozney25@senate.gov,Male,200-882-5730
79,Aubrey,Chevis,achevis26@jigsy.com,Male,271-250-9059
80,Kingsley,McComiskie,kmccomiskie27@bizjournals.com,Male,355-330-6745
81,Cassy,Swidenbank,cswidenbank28@xing.com,Female,786-412-9385
82,Cora,Dack,cdack29@umich.edu,Female,392-456-6938
83,Ogden,Konertz,okonertz2a@independent.co.uk,Male,131-869-9804
84,Waldo,Tiesman,wtiesman2b@arizona.edu,Male,647-763-9482
85,Sigrid,Clee,sclee2c@pen.io,Female,987-507-0463
86,Irv,Dowry,idowry2d@indiegogo.com,Male,286-667-5008
87,Charin,Kynaston,ckynaston2e@dot.gov,Female,684-455-9087
88,Eleonore,Kobisch,ekobisch2f@360.cn,Female,444-845-4361
89,Ahmed,Chessel,achessel2g@nps.gov,Male,627-357-3510
90,Alexa,Sollas,asollas2h@dell.com,Agender,648-883-2709
91,Rasia,McBrady,rmcbrady2i@archive.org,Female,757-702-3389
92,Dean,Toffanelli,dtoffanelli2j@google.com,Male,915-116-9074
93,Templeton,Tunn,ttunn2k@gravatar.com,Male,631-136-7905
94,Kristyn,Klaff,kklaff2l@msu.edu,Female,609-530-0726
95,Janos,Boocock,jboocock2m@macromedia.com,Male,346-712-3650
96,Osbourn,Gardener,ogardener2n@cyberchimps.com,Male,783-887-5928
97,Durant,Charleston,dcharleston2o@unblog.fr,Male,754-713-1234
98,Leon,Mulcock,lmulcock2p@google.co.jp,Male,945-900-2037
99,Arne,Baggelley,abaggelley2q@lycos.com,Male,222-422-4652
100,Nerty,Klossek,nklossek2r@sakura.ne.jp,Female,899-961-2639
101,Judd,Jane,jjane2s@drupal.org,Male,551-808-5367
102,Danny,Santer,dsanter2t@ox.ac.uk,Female,626-705-8440
103,Graeme,Vasyukhnov,gvasyukhnov2u@webnode.com,Male,680-241-9188
104,Darcey,Caplen,dcaplen2v@printfriendly.com,Female,609-147-1196
105,Nikaniki,Brundale,nbrundale2w@ucla.edu,Female,544-851-0786
106,Zilvia,Trippett,ztrippett2x@squarespace.com,Female,692-765-1815
107,Kippy,Poppy,kpoppy2y@yahoo.com,Male,254-686-8441
108,Rici,Desson,rdesson2z@php.net,Female,124-786-3336
109,Nicolina,Koppelmann,nkoppelmann30@yahoo.com,Female,836-810-2063
110,Quinlan,Abercrombie,qabercrombie31@opensource.org,Male,914-664-7867
111,Englebert,Ferens,eferens32@ocn.ne.jp,Male,934-466-1991
112,Modestine,Greger,mgreger33@howstuffworks.com,Female,339-248-5054
113,Carlie,Pattlel,cpattlel34@pcworld.com,Male,566-510-8905
114,Goldina,Dake,gdake35@example.com,Female,575-143-9618
115,Heywood,Cours,hcours36@cbc.ca,Male,280-932-6758
116,Cullie,Dussy,cdussy37@pcworld.com,Male,997-764-9791
117,Delphinia,Dockree,ddockree38@illinois.edu,Female,562-426-4433
118,Shell,McMurtyr,smcmurtyr39@chicagotribune.com,Female,278-495-6015
119,Lynnett,Buckhurst,lbuckhurst3a@tuttocitta.it,Female,960-327-4353
120,Tyrone,Jansa,tjansa3b@surveymonkey.com,Male,361-307-0926
121,August,Dugall,adugall3c@census.gov,Male,565-412-1698
122,Carena,Boyton,cboyton3d@theglobeandmail.com,Female,738-778-1993
123,Alverta,Daniely,adaniely3e@unc.edu,Female,221-534-3564
124,Jackson,Fane,jfane3f@webnode.com,Male,314-409-4084
125,Phillida,Walkingshaw,pwalkingshaw3g@hubpages.com,Female,374-830-6503
126,Noland,Garnsey,ngarnsey3h@answers.com,Male,865-985-3107
127,Mozes,O'Halleghane,mohalleghane3i@nbcnews.com,Male,601-417-0510
128,Florance,Garment,fgarment3j@wikispaces.com,Female,877-193-6728
129,Sigmund,Marnes,smarnes3k@360.cn,Male,214-827-5185
130,Reese,Maeer,rmaeer3l@deviantart.com,Male,548-551-0236
131,Doug,Shildrick,dshildrick3m@1und1.de,Polygender,329-854-3582
132,Tiff,Noton,tnoton3n@wisc.edu,Female,790-710-5818
133,Avrit,Castiglio,acastiglio3o@adobe.com,Female,886-220-6484
134,Halette,Konrad,hkonrad3p@wix.com,Female,531-710-9381
135,Gnni,Sheppard,gsheppard3q@sina.com.cn,Female,520-667-6041
136,Trueman,Hoy,thoy3r@angelfire.com,Male,870-340-8416
137,Maryanna,Cawdron,mcawdron3s@friendfeed.com,Female,601-690-7021
138,Avery,Ackenhead,aackenhead3t@bandcamp.com,Polygender,416-492-0446
139,Caldwell,Gligorijevic,cgligorijevic3u@amazon.de,Male,124-831-6362
140,Serene,Baribal,sbaribal3v@weibo.com,Non-binary,207-476-1816
141,Cicily,Varley,cvarley3w@house.gov,Female,822-773-8615
142,Konstantine,Toovey,ktoovey3x@cbslocal.com,Genderfluid,686-838-4965
143,Amandie,Monument,amonument3y@berkeley.edu,Female,818-194-4275
144,Eimile,Saville,esaville3z@mysql.com,Female,195-199-2063
145,Bess,Eyree,beyree40@squarespace.com,Female,925-919-0365
146,Kettie,Bellini,kbellini41@stumbleupon.com,Polygender,393-193-6131
147,Errick,Sumpter,esumpter42@xinhuanet.com,Male,745-507-8598
148,Yard,Schuricke,yschuricke43@walmart.com,Male,107-142-3310
149,Aldus,Ganford,aganford44@constantcontact.com,Non-binary,140-317-9811
150,Collete,Glassup,cglassup45@icq.com,Female,375-419-0607
151,Ambrosio,Rowcliffe,arowcliffe46@unicef.org,Male,287-518-0023
152,Romonda,Roe,rroe47@dagondesign.com,Female,408-662-9904
153,Isaac,Shellshear,ishellshear48@state.gov,Male,765-418-4647
154,Jolie,Ruseworth,jruseworth49@mlb.com,Female,336-181-8864
155,Dwayne,Satcher,dsatcher4a@google.de,Male,971-149-9390
156,Lucian,Knowler,lknowler4b@cmu.edu,Genderqueer,714-293-9312
157,Gilly,Riseley,griseley4c@wordpress.org,Genderfluid,533-895-9175
158,Alfie,Robey,arobey4d@friendfeed.com,Male,256-838-2658
159,Yolande,Dunton,ydunton4e@digg.com,Female,967-705-2690
160,Caitlin,Blackaller,cblackaller4f@vinaora.com,Female,173-486-1148
161,Sylvan,Lufkin,slufkin4g@goo.gl,Male,275-189-4109
162,Grace,Eynon,geynon4h@hp.com,Male,432-304-1788
163,Moira,Hamberstone,mhamberstone4i@4shared.com,Polygender,141-790-4382
164,Mikkel,Ackerman,mackerman4j@google.it,Male,143-528-2472
165,Lew,Middlehurst,lmiddlehurst4k@mozilla.com,Male,702-669-3697
166,Manfred,Michie,mmichie4l@blinklist.com,Male,222-431-9455
167,Carmela,Hodges,chodges4m@sbwire.com,Female,345-177-9775
168,Aldous,Kinnett,akinnett4n@squarespace.com,Male,377-619-6579
169,Rustie,Isles,risles4o@businesswire.com,Male,821-975-7046
170,Tori,Costock,tcostock4p@about.com,Female,805-801-9503
171,Shay,Diglin,sdiglin4q@wikispaces.com,Female,880-196-0089
172,Caitlin,Braven,cbraven4r@harvard.edu,Female,157-514-7261
173,Shina,Reolfi,sreolfi4s@businessinsider.com,Female,791-938-2469
174,Lucille,Waterdrinker,lwaterdrinker4t@princeton.edu,Agender,612-381-1785
175,Meryl,Gagin,mgagin4u@netlog.com,Polygender,948-738-9203
176,Shaun,MacMenemy,smacmenemy4v@exblog.jp,Male,439-995-6640
177,Dulcinea,Routledge,droutledge4w@mashable.com,Female,738-766-2853
178,Almira,Grestye,agrestye4x@yellowpages.com,Female,395-598-0855
179,Ginger,McCullum,gmccullum4y@economist.com,Male,974-820-1219
180,Zsazsa,Aldrich,zaldrich4z@elegantthemes.com,Female,165-461-2793
181,Denny,Sarrell,dsarrell50@bing.com,Male,899-689-8530
182,Conrad,St Ange,cstange51@icq.com,Male,676-958-2138
183,Wyatt,Coffelt,wcoffelt52@shop-pro.jp,Male,971-378-1046
184,Trenton,Foggarty,tfoggarty53@mapquest.com,Male,742-453-5455
185,Sonni,Llewelyn,sllewelyn54@pcworld.com,Female,605-861-6818
186,Humberto,Gingles,hgingles55@stanford.edu,Male,133-572-6616
187,Kameko,Copcote,kcopcote56@flavors.me,Female,239-169-5238
188,Banky,Wallwood,bwallwood57@zdnet.com,Male,950-215-0394
189,Bunni,Meneer,bmeneer58@furl.net,Female,291-952-0317
190,Felipe,Gally,fgally59@bluehost.com,Male,203-337-8982
191,Haleigh,Ashbee,hashbee5a@php.net,Female,248-251-4977
192,Creight,Stapleton,cstapleton5b@360.cn,Male,142-335-8284
193,Rafaelita,Skeemor,rskeemor5c@tinyurl.com,Female,669-868-8346
194,Idalia,O' Brian,iobrian5d@yahoo.co.jp,Female,778-235-5269
195,Inessa,Kerner,ikerner5e@thetimes.co.uk,Female,939-538-6641
196,Renelle,Rilings,rrilings5f@gov.uk,Female,225-551-4831
197,Drucy,Samber,dsamber5g@cargocollective.com,Bigender,933-196-6310
198,Kaspar,Leasor,kleasor5h@noaa.gov,Male,123-442-8430
199,Noella,Sparham,nsparham5i@a8.net,Female,736-400-4448
200,Shay,Ghiraldi,sghiraldi5j@opera.com,Male,232-558-5529
201,Cob,Redgate,credgate5k@theglobeandmail.com,Male,516-405-7377
202,Paige,Kellogg,pkellogg5l@intel.com,Male,397-910-6089
203,Marilin,Napton,mnapton5m@eepurl.com,Female,668-989-3416
204,Goldie,Nevinson,gnevinson5n@liveinternet.ru,Female,873-117-3118
205,Trace,Kundt,tkundt5o@buzzfeed.com,Male,989-677-6102
206,Lind,Glasman,lglasman5p@cornell.edu,Female,931-536-6245
207,Harley,Chater,hchater5q@berkeley.edu,Male,442-960-3343
208,Honor,Collingdon,hcollingdon5r@gravatar.com,Female,494-385-8086
209,Letta,Owenson,lowenson5s@cbsnews.com,Female,524-365-1974
210,Viola,Weekly,vweekly5t@spiegel.de,Female,884-954-5467
211,Bevan,Giffard,bgiffard5u@typepad.com,Male,672-391-9789
212,Letty,Grishakin,lgrishakin5v@hostgator.com,Female,642-250-1559
213,Ephraim,Stockings,estockings5w@sbwire.com,Male,344-861-9158
214,Ilsa,Dunmuir,idunmuir5x@msu.edu,Female,623-591-3136
215,Arman,Hebden,ahebden5y@uol.com.br,Male,823-478-3306
216,Jemmie,Tenman,jtenman5z@businessweek.com,Female,553-960-5910
217,Waylon,Mendenhall,wmendenhall60@liveinternet.ru,Male,229-741-3568
218,Vladamir,Este,veste61@skype.com,Male,656-600-7991
219,Dori,Grinvalds,dgrinvalds62@exblog.jp,Bigender,150-484-4555
220,Tim,Gumly,tgumly63@skype.com,Male,244-505-0702
221,Samara,Crank,scrank64@hexun.com,Female,333-864-8949
222,Marinna,McKeating,mmckeating65@topsy.com,Female,816-786-0746
223,Lloyd,Lorman,llorman66@msu.edu,Male,157-871-1434
224,Gaelan,Boyson,gboyson67@berkeley.edu,Male,332-459-8562
225,Doe,Rillatt,drillatt68@edublogs.org,Female,958-444-7974
226,Fedora,Collett,fcollett69@state.tx.us,Female,145-496-4961
227,Calla,Wilks,cwilks6a@ehow.com,Female,347-840-2561
228,Ellette,Newiss,enewiss6b@umn.edu,Female,631-745-5893
229,Hervey,Jonk,hjonk6c@furl.net,Agender,584-875-8428
230,Frank,Lusher,flusher6d@stanford.edu,Male,611-101-7592
231,Bendicty,Janzen,bjanzen6e@vinaora.com,Male,946-929-1750
232,Read,Stenton,rstenton6f@homestead.com,Male,616-412-5855
233,Bennett,Matuszynski,bmatuszynski6g@hp.com,Male,975-130-5895
234,Augustus,Landell,alandell6h@google.ca,Genderqueer,662-987-2898
235,Daryle,Mor,dmor6i@rakuten.co.jp,Male,724-909-1095
236,Phillipp,Hammant,phammant6j@hugedomains.com,Male,711-101-8664
237,Leonerd,Dron,ldron6k@is.gd,Male,940-924-7723
238,Frederica,World,fworld6l@slate.com,Female,963-637-9231
239,Karlee,Salliere,ksalliere6m@weibo.com,Female,332-831-0292
240,Arnoldo,Feechum,afeechum6n@fastcompany.com,Male,669-801-4309
241,Skipton,Broadberrie,sbroadberrie6o@biglobe.ne.jp,Male,564-767-9273
242,Joanna,Gammie,jgammie6p@lulu.com,Female,807-187-6504
243,Chrystal,Boyen,cboyen6q@storify.com,Female,463-542-3730
244,Aggy,Poulney,apoulney6r@bizjournals.com,Female,837-731-4154
245,Jase,Blaxton,jblaxton6s@cdbaby.com,Male,326-392-8573
246,Rica,Vondra,rvondra6t@arizona.edu,Female,800-119-5461
247,Myrna,Kennally,mkennally6u@shop-pro.jp,Female,843-390-8624
248,Tallia,Potzold,tpotzold6v@hud.gov,Female,128-506-7137
249,Lesli,Muston,lmuston6w@msu.edu,Female,408-749-5239
250,Marchall,Aspall,maspall6x@umich.edu,Male,398-667-1090
251,Ellene,Moulding,emoulding6y@blogtalkradio.com,Female,968-369-3497
252,Benjy,Mault,bmault6z@wp.com,Bigender,151-767-3527
253,Jobey,Depper,jdepper70@youku.com,Female,931-472-3902
254,Harmonia,Deerness,hdeerness71@geocities.jp,Female,272-221-2025
255,Hildegarde,Jantzen,hjantzen72@cam.ac.uk,Genderfluid,199-288-8894
256,Sherie,Stallon,sstallon73@google.pl,Female,322-251-8080
257,Melisenda,Cail,mcail74@google.de,Female,978-842-7695
258,Ardelia,Pinxton,apinxton75@furl.net,Female,700-901-6830
259,Moira,Carek,mcarek76@indiegogo.com,Female,184-948-3254
260,Killy,Lunn,klunn77@freewebs.com,Male,582-990-5899
261,Douglass,Flament,dflament78@indiegogo.com,Male,370-706-1156
262,Tod,Varnes,tvarnes79@nydailynews.com,Male,599-374-7707
263,Elisabet,McLae,emclae7a@abc.net.au,Female,748-347-5074
264,Kimmi,Chevins,kchevins7b@thetimes.co.uk,Female,110-407-4208
265,Helga,Broom,hbroom7c@constantcontact.com,Female,472-742-1377
266,Ely,Walne,ewalne7d@ucsd.edu,Male,328-310-1173
267,Margie,Inns,minns7e@trellian.com,Bigender,952-685-2425
268,Ester,Martschke,emartschke7f@de.vu,Female,704-697-5212
269,Merwin,Crump,mcrump7g@themeforest.net,Male,481-546-6512
270,Olia,Ortner,oortner7h@geocities.jp,Female,227-286-6946
271,Trip,Riddiough,triddiough7i@nasa.gov,Male,434-988-4725
272,Ralph,Fanti,rfanti7j@wikimedia.org,Male,315-229-2290
273,Hurlee,Macbane,hmacbane7k@sina.com.cn,Male,418-831-4747
274,Maurice,Caesmans,mcaesmans7l@a8.net,Male,750-410-2292
275,Griffith,Fallowfield,gfallowfield7m@nba.com,Male,794-337-6101
276,Dolorita,Bastone,dbastone7n@ning.com,Female,744-724-7085
277,Joanie,Mattam,jmattam7o@infoseek.co.jp,Female,806-437-2546
278,Margaretha,Thomas,mthomas7p@cisco.com,Non-binary,136-890-1095
279,Deeyn,Hallowes,dhallowes7q@mac.com,Female,464-955-0767
280,Stewart,Gounod,sgounod7r@clickbank.net,Male,567-147-5208
281,Cheston,Goff,cgoff7s@google.com.br,Non-binary,702-197-5565
282,Dena,Rutigliano,drutigliano7t@edublogs.org,Female,332-827-7972
283,Shelly,Vondrach,svondrach7u@joomla.org,Female,591-640-2464
284,Jarrad,Tompkin,jtompkin7v@sina.com.cn,Male,535-440-7738
285,Gearard,Reiach,greiach7w@cam.ac.uk,Male,970-510-7401
286,Jennie,Wabb,jwabb7x@sphinn.com,Female,107-366-9309
287,Al,MacRory,amacrory7y@accuweather.com,Bigender,882-885-3104
288,Joannes,Dailly,jdailly7z@npr.org,Female,205-289-7075
289,Wendye,Gouldstraw,wgouldstraw80@apple.com,Female,102-220-5189
290,Lammond,Hostan,lhostan81@fotki.com,Male,784-841-1291
291,Verne,Peck,vpeck82@auda.org.au,Male,734-923-6165
292,Aurthur,Waggett,awaggett83@rakuten.co.jp,Male,369-206-0606
293,Jarrett,Haymes,jhaymes84@shinystat.com,Male,975-604-5484
294,Elaina,Branscombe,ebranscombe85@bluehost.com,Agender,344-330-9033
295,Ailyn,Gruczka,agruczka86@nhs.uk,Genderqueer,939-802-3944
296,Fransisco,Lidgard,flidgard87@wordpress.org,Male,402-636-4721
297,Pietro,Brittan,pbrittan88@ihg.com,Male,163-217-5828
298,Colene,Pafford,cpafford89@cam.ac.uk,Female,382-758-6929
299,Manon,Frantz,mfrantz8a@php.net,Female,931-330-5083
300,Neely,Mollin,nmollin8b@google.it,Female,358-783-4711
301,Payton,Stiller,pstiller8c@etsy.com,Male,682-832-2412
302,Berti,Tuppeny,btuppeny8d@wufoo.com,Female,691-820-6563
303,Lillian,Philipsson,lphilipsson8e@hibu.com,Female,598-549-9531
304,Debbie,Kos,dkos8f@cbsnews.com,Polygender,321-788-5960
305,Oby,Wynrehame,owynrehame8g@behance.net,Male,103-210-0992
306,Jaine,Alsobrook,jalsobrook8h@foxnews.com,Genderqueer,940-574-9519
307,Obie,Echelle,oechelle8i@odnoklassniki.ru,Male,871-999-8097
308,Kaleb,Ruckman,kruckman8j@chron.com,Male,958-647-2605
309,Ethelda,Matoshin,ematoshin8k@forbes.com,Genderqueer,944-521-7758
310,Rosanna,Goldis,rgoldis8l@aol.com,Female,441-912-1598
311,Maggi,McKim,mmckim8m@wunderground.com,Female,761-425-2385
312,Mel,Greeves,mgreeves8n@narod.ru,Male,182-930-9708
313,Sigismund,Northcliffe,snorthcliffe8o@microsoft.com,Male,663-703-5876
314,Jody,Sammes,jsammes8p@dot.gov,Female,124-930-3601
315,Bert,Dansie,bdansie8q@twitter.com,Genderqueer,802-232-7228
316,Neila,Bestall,nbestall8r@networksolutions.com,Female,998-696-6628
317,Luke,Dary,ldary8s@sakura.ne.jp,Male,570-531-1751
318,Danny,Coomer,dcoomer8t@aboutads.info,Female,503-495-0972
319,Gibb,Broddle,gbroddle8u@umn.edu,Male,878-758-2605
320,Ludwig,Coom,lcoom8v@webs.com,Male,281-305-5561
321,Rayshell,Goult,rgoult8w@unicef.org,Female,740-445-8873
322,Kimmie,Siggery,ksiggery8x@blog.com,Female,591-232-1499
323,Beverly,Habershaw,bhabershaw8y@istockphoto.com,Polygender,181-520-6539
324,Connie,Moncarr,cmoncarr8z@desdev.cn,Male,757-464-6945
325,Ignatius,Millsom,imillsom90@prlog.org,Male,332-776-0361
326,Llewellyn,Skryne,lskryne91@wikia.com,Male,666-143-2164
327,Kathy,Finney,kfinney92@ted.com,Female,419-799-3842
328,Daryl,Troman,dtroman93@hhs.gov,Male,294-898-1947
329,Saundra,Surmeir,ssurmeir94@cnn.com,Male,798-630-9922
330,Caz,Grassin,cgrassin95@answers.com,Male,802-555-8847
331,Salem,Skate,sskate96@github.io,Male,100-787-1996
332,Granville,Fargher,gfargher97@dyndns.org,Male,546-606-2695
333,Tabor,Vasyatkin,tvasyatkin98@cafepress.com,Male,719-230-7025
334,Licha,Mathiasen,lmathiasen99@ow.ly,Female,189-984-4466
335,Florrie,Stoyell,fstoyell9a@seattletimes.com,Female,223-579-3131
336,Latashia,Tuite,ltuite9b@joomla.org,Female,608-366-0084
337,Britteny,Lepard,blepard9c@amazon.com,Female,300-649-9196
338,Joye,Roskelly,jroskelly9d@nba.com,Female,586-249-9158
339,Hamid,Tousey,htousey9e@sun.com,Male,394-237-8565
340,Burt,Oran,boran9f@people.com.cn,Male,913-102-1937
341,Jolene,Halesworth,jhalesworth9g@latimes.com,Female,822-166-1492
342,Donny,Yakob,dyakob9h@google.com.au,Male,667-700-9882
343,Roley,Howood,rhowood9i@irs.gov,Male,123-960-0860
344,Harwell,Smuth,hsmuth9j@businesswire.com,Male,807-198-8399
345,Alma,Grimsdyke,agrimsdyke9k@soup.io,Female,483-278-4080
346,Letti,Sorby,lsorby9l@rediff.com,Female,357-627-4378
347,Crista,Casacchia,ccasacchia9m@pcworld.com,Female,407-506-8386
348,Demetris,Elizabeth,delizabeth9n@bbb.org,Female,318-864-8289
349,Linzy,Ciabatteri,lciabatteri9o@stumbleupon.com,Agender,142-130-9992
350,Hale,Knutsen,hknutsen9p@scribd.com,Male,562-756-7827
351,Luce,Matlock,lmatlock9q@globo.com,Agender,168-377-1522
352,Ally,Tall,atall9r@acquirethisname.com,Polygender,621-546-8678
353,Nelli,Buffey,nbuffey9s@elpais.com,Genderfluid,838-398-9500
354,Christy,Bartolic,cbartolic9t@is.gd,Male,822-709-8264
355,Allys,Ibbeson,aibbeson9u@psu.edu,Female,839-767-8153
356,Jonah,Wackly,jwackly9v@wikispaces.com,Male,915-159-1951
357,Gauthier,Scothron,gscothron9w@gravatar.com,Male,135-466-9631
358,Kelsi,Novik,knovik9x@mlb.com,Female,409-458-1169
359,Shaine,Febre,sfebre9y@nature.com,Male,492-175-3338
360,Meridel,Snelling,msnelling9z@usa.gov,Female,577-369-0228
361,Skipper,Chastney,schastneya0@geocities.jp,Male,798-333-6751
362,Fredra,Guerreau,fguerreaua1@cbsnews.com,Female,654-818-4508
363,Carita,Coneybeare,cconeybearea2@sciencedirect.com,Female,898-696-9853
364,Cristiano,Wrathall,cwrathalla3@cmu.edu,Bigender,532-105-0003
365,Rosabelle,Carpenter,rcarpentera4@economist.com,Female,101-307-4075
366,Avis,Rodden,aroddena5@histats.com,Female,987-410-1249
367,Kelly,Kilbey,kkilbeya6@purevolume.com,Female,395-223-1018
368,Laney,Eaton,leatona7@netlog.com,Male,442-703-0681
369,Tann,Hartropp,thartroppa8@loc.gov,Male,437-259-6812
370,Arlina,Cestard,acestarda9@amazon.com,Female,484-570-9026
371,Moreen,Zannotelli,mzannotelliaa@linkedin.com,Female,633-212-0729
372,Caron,Stacey,cstaceyab@adobe.com,Genderqueer,625-753-6533
373,Grove,Keely,gkeelyac@answers.com,Male,120-468-9299
374,Mathias,Salery,msaleryad@blinklist.com,Male,952-469-2878
375,Indira,Checkley,icheckleyae@slate.com,Female,404-579-5071
376,Virgilio,Orniz,vornizaf@bbc.co.uk,Male,797-222-0350
377,Jesus,Maggs,jmaggsag@zdnet.com,Male,161-600-1373
378,Jeff,Lyndon,jlyndonah@yellowpages.com,Male,722-380-1555
379,Alick,Malinowski,amalinowskiai@blogger.com,Polygender,107-876-2956
380,Maddy,Champe,mchampeaj@lulu.com,Male,933-287-2367
381,Kennett,Claworth,kclaworthak@xrea.com,Male,961-255-7795
382,Holden,Sallans,hsallansal@washington.edu,Male,599-581-7293
383,Townie,Hutchence,thutchenceam@china.com.cn,Male,782-119-3468
384,Felicio,Oag,foagan@printfriendly.com,Male,319-338-2288
385,Tobe,Korb,tkorbao@redcross.org,Female,898-727-7839
386,Laurena,Lambert-Ciorwyn,llambertciorwynap@statcounter.com,Female,615-138-2516
387,Lew,Gethyn,lgethynaq@ibm.com,Male,589-422-2516
388,Bryant,Crufts,bcruftsar@mozilla.com,Male,915-334-2524
389,Nanete,Tomaszewicz,ntomaszewiczas@sina.com.cn,Female,419-701-2125
390,Vilma,Bluschke,vbluschkeat@adobe.com,Female,802-870-9885
391,Sax,Mum,smumau@stumbleupon.com,Male,733-764-4747
392,Mikey,Jime,mjimeav@businessweek.com,Male,602-985-1351
393,Gannon,Prisk,gpriskaw@walmart.com,Male,111-303-6634
394,Arda,Heineking,aheinekingax@163.com,Non-binary,467-406-3372
395,Randa,Godby,rgodbyay@nih.gov,Female,646-773-3704
396,Flynn,Oxteby,foxtebyaz@icio.us,Male,125-756-0724
397,Biron,Runciman,bruncimanb0@usa.gov,Genderfluid,662-502-9071
398,Gianna,Bridgeland,gbridgelandb1@auda.org.au,Female,709-221-5348
399,Roley,Gamell,rgamellb2@geocities.jp,Male,199-495-4308
400,Elbertina,Hendrik,ehendrikb3@nps.gov,Female,445-213-0663
401,Carmita,Bilson,cbilsonb4@is.gd,Female,830-405-0680
402,Gwenora,Shildrake,gshildrakeb5@skyrock.com,Female,716-648-6896
403,Angelo,McGrae,amcgraeb6@whitehouse.gov,Male,501-114-2693
404,Augustine,Farthin,afarthinb7@is.gd,Female,531-890-9983
405,Latisha,Ackeroyd,lackeroydb8@zimbio.com,Female,558-463-9781
406,Con,Stryde,cstrydeb9@51.la,Female,922-531-2740
407,Roanna,Atwood,ratwoodba@flavors.me,Female,754-392-6783
408,Emmie,Penn,epennbb@unblog.fr,Female,312-785-5641
409,Ber,Picford,bpicfordbc@ameblo.jp,Male,430-482-9383
410,Lucky,McGee,lmcgeebd@ehow.com,Female,127-388-6770
411,Gray,O'Henery,gohenerybe@geocities.com,Genderqueer,633-834-4784
412,Winonah,O'Dowling,wodowlingbf@cornell.edu,Female,226-556-6065
413,Garik,Attyeo,gattyeobg@bandcamp.com,Male,814-584-8295
414,Geri,Simonetti,gsimonettibh@theglobeandmail.com,Female,415-324-8198
415,Elton,Heijnen,eheijnenbi@wikia.com,Male,839-221-3756
416,Latrina,Rhymes,lrhymesbj@etsy.com,Female,509-254-7083
417,Idalia,Pilmer,ipilmerbk@de.vu,Female,168-150-4733
418,Maribelle,Oakes,moakesbl@ycombinator.com,Female,251-810-0318
419,Maxwell,Silvermann,msilvermannbm@xing.com,Male,703-790-6178
420,Debi,Downing,ddowningbn@prweb.com,Female,407-839-7497
421,Skipper,Sirr,ssirrbo@umich.edu,Male,871-941-8901
422,Ainsley,Jirka,ajirkabp@discovery.com,Female,129-376-2774
423,Angus,Sewart,asewartbq@goodreads.com,Male,766-496-7917
424,Lian,Clempton,lclemptonbr@ycombinator.com,Genderfluid,594-476-4582
425,Emmerich,Mesant,emesantbs@hp.com,Male,577-536-7010
426,Xaviera,Oleszczak,xoleszczakbt@themeforest.net,Female,352-775-4087
427,Trescha,Wickett,twickettbu@parallels.com,Female,968-953-5071
428,Isidora,Ship,ishipbv@lycos.com,Bigender,524-825-9573
429,Ame,Turbat,aturbatbw@netlog.com,Female,944-587-8880
430,Fredrika,Ashe,fashebx@tamu.edu,Female,706-746-0907
431,Shalom,Northway,snorthwayby@chronoengine.com,Male,100-847-0332
432,Shena,Leas,sleasbz@lulu.com,Female,947-696-6386
433,Gaby,Wollaston,gwollastonc0@amazonaws.com,Male,646-124-0544
434,Amata,Spohrmann,aspohrmannc1@samsung.com,Female,167-286-8242
435,Harman,Safell,hsafellc2@vk.com,Male,956-226-6478
436,Melloney,Aveyard,maveyardc3@chicagotribune.com,Female,325-916-1825
437,Matelda,Oliveira,moliveirac4@gnu.org,Female,247-484-2382
438,Terrance,Sharvill,tsharvillc5@google.ru,Male,759-519-5694
439,Bonni,Parkhouse,bparkhousec6@hp.com,Female,132-376-5640
440,Chancey,Hartland,chartlandc7@shutterfly.com,Male,230-914-4401
441,Kingsly,Standeven,kstandevenc8@yelp.com,Male,679-989-6642
442,Wat,Spiller,wspillerc9@histats.com,Male,439-516-3177
443,Davy,Bouldon,dbouldonca@pagesperso-orange.fr,Male,119-927-0065
444,Gwenneth,Dedenham,gdedenhamcb@theatlantic.com,Female,198-955-5140
445,Peirce,Richards,prichardscc@imageshack.us,Male,235-687-0229
446,Lenci,Brogini,lbroginicd@techcrunch.com,Male,665-101-8240
447,Karalynn,De Blasio,kdeblasioce@google.co.uk,Female,425-400-4588
448,Jae,Uc,juccf@blinklist.com,Male,730-195-1468
449,Corabelle,Davison,cdavisoncg@dagondesign.com,Female,883-492-0421
450,Tessa,Rops,tropsch@mapquest.com,Female,916-157-9975
451,Hughie,Beet,hbeetci@sciencedirect.com,Male,731-872-9451
452,Kristy,Branford,kbranfordcj@discuz.net,Female,418-308-6082
453,Harmonia,Cramer,hcramerck@marriott.com,Female,463-401-0577
454,Gerhard,Strapp,gstrappcl@answers.com,Male,921-838-2446
455,Oliviero,Melloi,omelloicm@timesonline.co.uk,Male,214-532-2181
456,Wait,Bruyett,wbruyettcn@jiathis.com,Male,189-147-3147
457,Katherine,Shadfourth,kshadfourthco@mashable.com,Female,817-788-7899
458,Zolly,Coultass,zcoultasscp@tinypic.com,Male,979-909-0860
459,Lazarus,Stopford,lstopfordcq@a8.net,Male,129-353-6613
460,Hedvige,Chese,hchesecr@arstechnica.com,Female,190-419-9548
461,Eran,Kimberley,ekimberleycs@eepurl.com,Female,416-178-3030
462,Pinchas,Emor,pemorct@ted.com,Male,674-440-1468
463,Reider,Ephgrave,rephgravecu@nasa.gov,Male,134-211-6073
464,Marsiella,Govan,mgovancv@unblog.fr,Genderqueer,319-921-9131
465,Juditha,Lynskey,jlynskeycw@list-manage.com,Female,324-973-9963
466,Larine,Pirri,lpirricx@engadget.com,Female,168-921-7841
467,Marjie,Rossbrook,mrossbrookcy@surveymonkey.com,Female,499-956-0072
468,Clarke,Skypp,cskyppcz@joomla.org,Male,268-924-7557
469,Raeann,Kurth,rkurthd0@networksolutions.com,Female,514-822-3228
470,Kelsey,McGivena,kmcgivenad1@census.gov,Female,575-467-8457
471,Amelie,Birwhistle,abirwhistled2@123-reg.co.uk,Female,756-857-0591
472,Ronni,Chalke,rchalked3@sogou.com,Female,936-308-3898
473,Fairfax,Mirfin,fmirfind4@shop-pro.jp,Male,117-356-1757
474,Hayden,Sowrah,hsowrahd5@list-manage.com,Male,825-503-8067
475,Sheridan,Stevani,sstevanid6@vistaprint.com,Male,293-739-7093
476,Beaufort,Bosden,bbosdend7@google.ca,Male,851-861-6554
477,Dieter,Randalston,drandalstond8@blogger.com,Male,918-978-6979
478,Baily,Hankey,bhankeyd9@ftc.gov,Male,268-875-7299
479,Ingrid,Mayoral,imayoralda@zdnet.com,Female,453-732-8489
480,Jeannie,Stronough,jstronoughdb@dagondesign.com,Female,325-446-9345
481,Grady,McEvilly,gmcevillydc@gnu.org,Male,381-613-7545
482,Natividad,Sertin,nsertindd@fema.gov,Female,357-805-2803
483,Talyah,Murley,tmurleyde@soup.io,Female,219-715-7843
484,Heindrick,Vedyaev,hvedyaevdf@unesco.org,Male,789-928-6607
485,Haskell,Ibbotson,hibbotsondg@kickstarter.com,Male,460-387-3866
486,Juieta,Gepp,jgeppdh@pen.io,Female,939-108-5404
487,Cody,Phelp,cphelpdi@eepurl.com,Male,230-298-4604
488,Dallas,Gunner,dgunnerdj@nydailynews.com,Male,312-335-1440
489,Isobel,Coomber,icoomberdk@phoca.cz,Non-binary,244-858-2934
490,Charlot,Duny,cdunydl@simplemachines.org,Female,186-150-3933
491,Marlie,Wickey,mwickeydm@e-recht24.de,Female,207-433-0760
492,Aprilette,Polsin,apolsindn@aol.com,Female,450-973-1090
493,Silva,Oakenford,soakenforddo@nsw.gov.au,Female,797-942-2636
494,Inga,Padmore,ipadmoredp@sciencedaily.com,Female,913-640-4190
495,Andromache,Wordington,awordingtondq@hatena.ne.jp,Female,783-931-3116
496,Roxi,Sesser,rsesserdr@google.pl,Female,355-744-8743
497,Barbey,Stickney,bstickneyds@vkontakte.ru,Female,869-306-2222
498,Jeremiah,Rose,jrosedt@github.io,Male,486-284-5847
499,Becky,Murcutt,bmurcuttdu@earthlink.net,Female,950-897-1604
500,Suki,Astell,sastelldv@qq.com,Female,467-529-5484
501,Dalila,Philip,dphilipdw@senate.gov,Non-binary,553-534-9768
502,Cynthy,Brooksbie,cbrooksbiedx@about.com,Female,513-249-9058
503,Carmela,de Verson,cdeversondy@cdc.gov,Female,989-108-8085
504,Alexandro,Tixier,atixierdz@amazonaws.com,Male,201-608-9751
505,Petunia,Rathborne,prathbornee0@sogou.com,Female,637-589-1412
506,Even,Skellon,eskellone1@dropbox.com,Male,911-908-5582
507,Marv,Aspy,maspye2@goo.ne.jp,Male,174-154-5640
508,Sully,Krysztofiak,skrysztofiake3@google.com.au,Male,882-265-6579
509,Tommy,Santello,tsantelloe4@chron.com,Male,670-223-4694
510,Jo-ann,Dunnico,jdunnicoe5@weebly.com,Female,710-130-7827
511,Fiorenze,Edgerly,fedgerlye6@weather.com,Female,868-455-6209
512,Kasper,Kirstein,kkirsteine7@unblog.fr,Male,437-385-5512
513,Olva,Leathem,oleatheme8@hugedomains.com,Female,601-246-8536
514,Cherie,Kettlewell,ckettlewelle9@issuu.com,Female,934-535-7241
515,Quintus,Rylstone,qrylstoneea@kickstarter.com,Male,910-507-2814
516,Merl,Blencoe,mblencoeeb@netvibes.com,Female,401-256-4797
517,Carilyn,Tallent,ctallentec@blogspot.com,Agender,396-847-0992
518,Omero,Hand,ohanded@mapquest.com,Male,838-938-0790
519,Robby,Yven,ryvenee@symantec.com,Polygender,570-408-6553
520,Wenonah,Chaudhry,wchaudhryef@cisco.com,Female,566-993-7006
521,Thibaud,Bengall,tbengalleg@creativecommons.org,Male,246-541-7451
522,Brien,Dorsey,bdorseyeh@boston.com,Male,496-632-2641
523,Jerrome,Lowde,jlowdeei@go.com,Male,993-613-8979
524,Doria,Strettle,dstrettleej@java.com,Female,369-141-8400
525,Candy,Gallimore,cgallimoreek@globo.com,Female,672-234-5387
526,Temple,Wands,twandsel@un.org,Male,154-491-8026
527,Lydie,Oatley,loatleyem@t-online.de,Female,951-655-9497
528,Urban,Blindmann,ublindmannen@google.com,Agender,139-885-4301
529,Jonathon,Delahunty,jdelahuntyeo@tripadvisor.com,Polygender,822-308-3691
530,Kare,Tighe,ktigheep@mozilla.org,Genderfluid,355-483-0212
531,Kelby,Peacey,kpeaceyeq@marketwatch.com,Agender,808-208-0834
532,Alick,Screas,ascreaser@pen.io,Male,721-164-0007
533,Wilhelm,Holdall,wholdalles@pcworld.com,Male,799-860-6585
534,Stillmann,Lening,sleninget@noaa.gov,Male,530-966-2661
535,Dorri,Lisciardelli,dlisciardellieu@discuz.net,Female,493-585-8058
536,Marylee,Biaggioli,mbiaggioliev@hexun.com,Female,791-511-4707
537,Ross,Grestye,rgrestyeew@e-recht24.de,Male,319-930-3482
538,Viviyan,Andor,vandorex@vkontakte.ru,Female,707-857-5157
539,Chelsy,Box,cboxey@g.co,Female,434-637-5319
540,Shea,Dalrymple,sdalrympleez@alexa.com,Male,569-883-9171
541,Brian,Van der Merwe,bvandermerwef0@sitemeter.com,Male,793-103-8207
542,Randi,Czaja,rczajaf1@shop-pro.jp,Male,962-771-7820
543,Karita,Fittes,kfittesf2@comcast.net,Female,515-836-6906
544,Tommy,Perceval,tpercevalf3@wunderground.com,Female,306-457-9498
545,Saleem,Heams,sheamsf4@bbb.org,Male,386-874-4357
546,Dietrich,Ramirez,dramirezf5@gov.uk,Male,326-759-8038
547,Julianna,Argontt,jargonttf6@quantcast.com,Female,921-220-6163
548,Abbe,Beddo,abeddof7@geocities.jp,Female,888-822-4393
549,Barr,Babb,bbabbf8@go.com,Male,339-515-1715
550,Cassondra,Poundesford,cpoundesfordf9@goodreads.com,Female,701-508-5945
551,Abbe,Wedlake,awedlakefa@constantcontact.com,Male,725-690-5966
552,Andrei,Milstead,amilsteadfb@abc.net.au,Female,397-340-2367
553,Kara,Usherwood,kusherwoodfc@phoca.cz,Female,747-769-4151
554,Vinnie,Kinrade,vkinradefd@4shared.com,Male,964-253-6171
555,Niki,McWhan,nmcwhanfe@spiegel.de,Female,259-212-6852
556,Bria,Terlinden,bterlindenff@tripod.com,Female,958-958-4312
557,Kacy,Bushaway,kbushawayfg@cnet.com,Female,283-850-9225
558,Cammi,Najara,cnajarafh@about.me,Female,705-361-3949
559,Devonne,Ault,daultfi@barnesandnoble.com,Female,962-830-5464
560,Lowell,Cureton,lcuretonfj@chicagotribune.com,Genderqueer,815-730-4563
561,Brennen,Isakovitch,bisakovitchfk@ning.com,Male,977-841-6916
562,Baird,Brecknall,bbrecknallfl@wisc.edu,Male,304-322-9677
563,Briana,Cordingley,bcordingleyfm@wikimedia.org,Female,537-323-1633
564,Heriberto,O'Connolly,hoconnollyfn@blog.com,Male,759-553-7114
565,Fionnula,Bussell,fbussellfo@domainmarket.com,Female,514-981-7848
566,Paddy,Feldmesser,pfeldmesserfp@ebay.co.uk,Male,892-528-2808
567,Casey,Allington,callingtonfq@cocolog-nifty.com,Male,916-557-5762
568,Alfy,Bourchier,abourchierfr@nyu.edu,Male,518-548-5940
569,Sterne,Forshaw,sforshawfs@moonfruit.com,Male,889-748-7741
570,Geneva,Coate,gcoateft@va.gov,Bigender,274-429-7127
571,Rosabella,Wickerson,rwickersonfu@apache.org,Female,488-215-6329
572,De,Davson,ddavsonfv@china.com.cn,Female,320-688-6627
573,Fawnia,Blazej,fblazejfw@mozilla.com,Female,506-722-5765
574,Belicia,Jaqueminet,bjaqueminetfx@usa.gov,Female,426-191-7382
575,Ax,Cheake,acheakefy@accuweather.com,Male,158-116-6150
576,Sydel,Dearell,sdearellfz@phoca.cz,Female,492-312-6314
577,Vernon,Perch,vperchg0@ycombinator.com,Genderqueer,834-903-8130
578,Demetris,Beeke,dbeekeg1@eventbrite.com,Female,541-777-7118
579,Kynthia,Owers,kowersg2@addthis.com,Female,985-899-5660
580,Starlene,Vassay,svassayg3@samsung.com,Female,140-623-4740
581,Lurline,Berford,lberfordg4@apple.com,Female,746-199-5343
582,Cassy,Bransden,cbransdeng5@a8.net,Female,274-555-7388
583,Clea,Buyers,cbuyersg6@wikipedia.org,Female,392-770-5696
584,Iorgos,Conigsby,iconigsbyg7@dropbox.com,Male,570-304-1985
585,Christen,Pepperill,cpepperillg8@twitter.com,Genderfluid,453-707-0000
586,Herby,Buckleigh,hbuckleighg9@cafepress.com,Male,818-312-2248
587,Cody,Bonevant,cbonevantga@bloglovin.com,Male,609-887-2561
588,Louie,Burdon,lburdongb@discovery.com,Male,525-382-2422
589,Giustino,Le Hucquet,glehucquetgc@eventbrite.com,Male,416-775-7216
590,Filip,Butson,fbutsongd@wikipedia.org,Male,712-688-5154
591,Jeanette,Gurko,jgurkoge@infoseek.co.jp,Female,489-177-3847
592,Tuesday,Dorwood,tdorwoodgf@storify.com,Female,129-559-8620
593,Heather,McMaster,hmcmastergg@indiegogo.com,Female,925-207-1676
594,Mellisa,Gargett,mgargettgh@webeden.co.uk,Female,723-487-2745
595,Cassie,Malshinger,cmalshingergi@dion.ne.jp,Male,736-264-4069
596,Brnaba,Tennick,btennickgj@nsw.gov.au,Male,704-516-2642
597,Monte,Miguel,mmiguelgk@behance.net,Male,549-612-1352
598,Madelin,Gauch,mgauchgl@rakuten.co.jp,Bigender,654-308-9642
599,Evonne,Faulkner,efaulknergm@oracle.com,Bigender,373-490-1340
600,Millie,Munkton,mmunktongn@samsung.com,Female,302-929-1923
601,Meaghan,Dalyiel,mdalyielgo@desdev.cn,Female,620-775-2282
602,Nestor,Witson,nwitsongp@wikia.com,Male,521-718-7253
603,Rose,Hubner,rhubnergq@wikimedia.org,Female,904-651-8419
604,Ulrica,Garlinge,ugarlingegr@odnoklassniki.ru,Female,514-627-7274
605,Issie,Verbruggen,iverbruggengs@skype.com,Female,452-597-2747
606,Kimberley,Knights,kknightsgt@photobucket.com,Female,450-448-7531
607,Shaine,Ohanessian,sohanessiangu@naver.com,Male,930-202-3616
608,Gipsy,Yanyshev,gyanyshevgv@pagesperso-orange.fr,Female,415-883-1575
609,Levy,Wyldbore,lwyldboregw@creativecommons.org,Male,525-315-6760
610,Erwin,McNay,emcnaygx@mayoclinic.com,Bigender,219-661-6893
611,Virgina,Shillinglaw,vshillinglawgy@amazon.de,Female,214-944-6038
612,Wilow,Pleass,wpleassgz@sbwire.com,Female,862-385-2463
613,Silas,Treswell,streswellh0@hubpages.com,Male,376-296-2424
614,Terri,Poyle,tpoyleh1@wikia.com,Polygender,758-900-4739
615,Lonna,Barfitt,lbarfitth2@gnu.org,Female,209-456-2123
616,Glynis,Lerer,glererh3@bloglovin.com,Female,764-316-1642
617,Jayme,Brian,jbrianh4@icio.us,Male,146-376-0137
618,Tabatha,Garvill,tgarvillh5@telegraph.co.uk,Female,682-650-9503
619,Coletta,Hussey,chusseyh6@behance.net,Female,563-991-0836
620,Winnifred,Conman,wconmanh7@google.fr,Female,407-409-5733
621,Danna,Emms,demmsh8@bravesites.com,Female,134-101-7516
622,Thomas,Camblin,tcamblinh9@etsy.com,Male,191-526-9736
623,Marylin,Semerad,msemeradha@angelfire.com,Female,798-839-3206
624,Jacqui,Berth,jberthhb@google.co.uk,Female,980-970-9821
625,Lucio,Murley,lmurleyhc@upenn.edu,Male,969-972-8961
626,Aili,Ashman,aashmanhd@marriott.com,Female,260-966-6039
627,Oswell,Iannazzi,oiannazzihe@zdnet.com,Male,649-105-1400
628,Ethelbert,Hugonin,ehugoninhf@dot.gov,Male,752-739-7406
629,Putnam,Marks,pmarkshg@sakura.ne.jp,Male,636-325-8839
630,Marvin,Faers,mfaershh@hugedomains.com,Male,246-109-9400
631,Ulrike,Brumpton,ubrumptonhi@dropbox.com,Female,846-721-5150
632,Dolly,Shellard,dshellardhj@timesonline.co.uk,Female,174-192-7604
633,See,Videneev,svideneevhk@yellowpages.com,Male,305-569-9216
634,Robinetta,Alden,raldenhl@mapquest.com,Female,154-856-0441
635,Itch,Hucquart,ihucquarthm@zimbio.com,Male,342-734-9082
636,Forester,Postan,fpostanhn@answers.com,Non-binary,659-506-2575
637,Ferdinanda,Eason,feasonho@ezinearticles.com,Female,944-256-1733
638,Ginny,Checklin,gchecklinhp@1688.com,Female,920-638-6692
639,Erhard,Wickerson,ewickersonhq@shutterfly.com,Male,578-189-1646
640,Wallis,Dehmel,wdehmelhr@abc.net.au,Female,143-300-6851
641,Rudolph,Quilleash,rquilleashhs@xing.com,Male,397-389-2513
642,Francisca,Parkes,fparkesht@answers.com,Female,871-628-7702
643,Brooks,Koch,bkochhu@reddit.com,Female,954-780-4222
644,Burk,Landall,blandallhv@unc.edu,Agender,921-519-9214
645,Dinah,Revey,dreveyhw@indiatimes.com,Polygender,968-880-8533
646,Charyl,Mordy,cmordyhx@acquirethisname.com,Female,432-655-6286
647,Ilse,Tayt,itaythy@geocities.com,Female,640-399-5813
648,Carree,Menaul,cmenaulhz@w3.org,Genderfluid,667-205-0503
649,Smith,Ector,sectori0@bizjournals.com,Male,566-704-1841
650,Marjory,Geggus,mgeggusi1@phpbb.com,Female,451-426-9869
651,Remington,Ketchen,rketcheni2@google.com.au,Male,251-608-8349
652,Ange,Gruby,agrubyi3@biglobe.ne.jp,Male,927-817-4912
653,Vonnie,Winkless,vwinklessi4@ocn.ne.jp,Female,146-646-5306
654,Hershel,Tregidga,htregidgai5@comcast.net,Male,593-898-6642
655,Tyrone,Lailey,tlaileyi6@eepurl.com,Male,952-765-9321
656,Rollin,Dunstan,rdunstani7@51.la,Male,198-272-5948
657,Boonie,Radeliffe,bradeliffei8@amazon.com,Male,893-304-0684
658,Daniel,Hilley,dhilleyi9@baidu.com,Male,724-343-1014
659,Andros,Brunning,abrunningia@ted.com,Agender,906-180-6656
660,Dougy,Abade,dabadeib@nymag.com,Male,749-356-9933
661,Ruthann,Masding,rmasdingic@aol.com,Genderfluid,428-448-6663
662,Scot,Warboy,swarboyid@shop-pro.jp,Male,512-122-8543
663,Zebadiah,O'Currigan,zocurriganie@weebly.com,Male,370-556-6567
664,Vladimir,Whiteland,vwhitelandif@plala.or.jp,Male,711-768-4630
665,Moses,Hailes,mhailesig@bizjournals.com,Non-binary,906-651-3335
666,Peter,Trumpeter,ptrumpeterih@nhs.uk,Genderfluid,679-371-7901
667,Elwood,Wight,ewightii@reddit.com,Male,717-429-1482
668,Amber,Bloxsom,abloxsomij@themeforest.net,Female,277-308-7979
669,Tiena,Helsdon,thelsdonik@sun.com,Female,696-839-6827
670,Geordie,Sainer,gsaineril@umich.edu,Male,587-175-2415
671,Zorah,Ausher,zausherim@fc2.com,Female,833-847-7341
672,Saraann,Lokier,slokierin@1688.com,Female,926-292-1590
673,Calley,Heineken,cheinekenio@sciencedirect.com,Female,991-131-5477
674,Sholom,Swoffer,sswofferip@scribd.com,Male,654-776-4272
675,Britte,Gajownik,bgajownikiq@illinois.edu,Female,961-836-6152
676,Monte,O'Collopy,mocollopyir@creativecommons.org,Male,561-735-6423
677,Fabiano,Melley,fmelleyis@un.org,Male,124-140-7524
678,Coral,Denholm,cdenholmit@123-reg.co.uk,Female,494-109-1879
679,Maddy,Learoid,mlearoidiu@google.fr,Female,663-213-9417
680,Kare,Desforges,kdesforgesiv@vk.com,Female,775-305-9654
681,Gwenore,Tarpey,gtarpeyiw@howstuffworks.com,Female,842-517-2014
682,Adam,Cowton,acowtonix@opensource.org,Male,844-262-7948
683,Justine,Petrushkevich,jpetrushkevichiy@amazonaws.com,Female,757-590-8029
684,Lavina,Melchior,lmelchioriz@yandex.ru,Female,525-407-2052
685,Rodge,Assender,rassenderj0@answers.com,Male,921-779-6807
686,Elianora,Kubasiewicz,ekubasiewiczj1@sbwire.com,Female,339-902-1491
687,Alvin,Marsland,amarslandj2@yolasite.com,Male,949-647-5685
688,Eran,le Keux,elekeuxj3@eventbrite.com,Female,312-786-2733
689,Ogden,Pinks,opinksj4@comcast.net,Male,467-414-3164
690,Juli,Foxton,jfoxtonj5@moonfruit.com,Female,412-119-3981
691,Appolonia,Kenny,akennyj6@miitbeian.gov.cn,Female,836-207-7262
692,Damiano,Oppy,doppyj7@1688.com,Male,282-434-2040
693,Leroy,Rosenstengel,lrosenstengelj8@oracle.com,Male,957-752-1137
694,Cecilio,Stotherfield,cstotherfieldj9@businessweek.com,Male,330-670-2508
695,Malena,O'Giany,mogianyja@photobucket.com,Female,656-108-2103
696,Kellen,Adlington,kadlingtonjb@github.com,Male,556-442-9344
697,Dinnie,Eede,deedejc@wiley.com,Female,541-520-7197
698,Ricki,Wrought,rwroughtjd@list-manage.com,Female,873-312-7061
699,Hettie,Mighele,hmigheleje@ebay.co.uk,Female,344-889-0704
700,Francine,Greenslade,fgreensladejf@tinypic.com,Female,269-533-4993
701,Odo,Sawell,osawelljg@vimeo.com,Agender,967-168-8415
702,Matilda,Wraith,mwraithjh@timesonline.co.uk,Female,979-216-0120
703,Codie,O'Cosgra,cocosgraji@nifty.com,Male,360-788-4423
704,Dougie,Jearum,djearumjj@list-manage.com,Male,763-760-1076
705,Griffie,Daniello,gdaniellojk@163.com,Male,790-347-2642
706,Debora,Yankov,dyankovjl@mapquest.com,Female,321-238-4559
707,Boycie,Stares,bstaresjm@opensource.org,Male,422-241-1460
708,Miriam,Okenden,mokendenjn@parallels.com,Female,945-204-4271
709,Wendi,Maplethorp,wmaplethorpjo@wufoo.com,Female,988-137-3544
710,Duff,Rexworthy,drexworthyjp@acquirethisname.com,Male,488-350-4114
711,Concettina,Skeates,cskeatesjq@acquirethisname.com,Female,917-530-6398
712,Barth,Beardall,bbeardalljr@vimeo.com,Genderfluid,896-457-3257
713,Jobye,Taverner,jtavernerjs@wordpress.org,Female,345-259-1082
714,Andrew,Sword,aswordjt@gravatar.com,Male,630-533-4146
715,Cordey,Scurrah,cscurrahju@acquirethisname.com,Female,831-430-0809
716,Mark,Juris,mjurisjv@com.com,Male,587-798-0372
717,Fey,Fautly,ffautlyjw@who.int,Female,782-485-2251
718,Dennis,Lufkin,dlufkinjx@surveymonkey.com,Male,826-442-1008
719,Granny,Flippelli,gflippellijy@discovery.com,Agender,269-304-3098
720,Gerhardine,Di Biasio,gdibiasiojz@accuweather.com,Female,738-189-0646
721,Sheffie,Scullion,sscullionk0@latimes.com,Male,283-918-3348
722,Engelbert,Palister,epalisterk1@state.gov,Male,757-834-7035
723,Del,Van Arsdall,dvanarsdallk2@example.com,Male,419-896-9816
724,Fulton,Ruthven,fruthvenk3@123-reg.co.uk,Male,969-171-5761
725,Dugald,Gifkins,dgifkinsk4@google.com.br,Genderqueer,863-398-6327
726,Chrissie,Brundill,cbrundillk5@sciencedaily.com,Male,484-191-9112
727,Gayler,Godbold,ggodboldk6@whitehouse.gov,Male,606-332-0357
728,Fowler,Matherson,fmathersonk7@opera.com,Male,778-686-8699
729,Oran,Sliney,oslineyk8@blogspot.com,Male,781-421-4666
730,Alvy,Boschmann,aboschmannk9@reference.com,Male,658-613-1371
731,Corny,Connew,cconnewka@ox.ac.uk,Polygender,359-458-2071
732,Koren,Haldon,khaldonkb@japanpost.jp,Female,156-890-6811
733,Ali,Duckit,aduckitkc@ucsd.edu,Male,519-956-6060
734,Aurlie,Barnbrook,abarnbrookkd@eepurl.com,Female,196-479-2852
735,Nanine,Binne,nbinneke@apple.com,Female,127-832-3906
736,Mikol,Zealander,mzealanderkf@squidoo.com,Male,825-579-8024
737,Arie,Mixon,amixonkg@oracle.com,Male,218-559-8761
738,Brit,Semens,bsemenskh@behance.net,Female,470-530-6447
739,Beale,Currin,bcurrinki@free.fr,Male,660-930-1151
740,Larina,Abate,labatekj@google.co.uk,Female,935-581-1364
741,Aleksandr,Langlois,alangloiskk@eepurl.com,Male,485-675-1628
742,Jenda,Catenot,jcatenotkl@webnode.com,Female,207-851-6346
743,Isa,Asprey,iaspreykm@tinyurl.com,Female,517-347-6449
744,Chiquia,Hazelton,chazeltonkn@unc.edu,Female,698-201-5601
745,Kelsi,Plester,kplesterko@sohu.com,Female,291-152-9418
746,Jereme,Le Noury,jlenourykp@fastcompany.com,Male,948-295-9581
747,Caleb,Lawfull,clawfullkq@dedecms.com,Male,420-162-8481
748,Garik,Pumfrett,gpumfrettkr@youtube.com,Male,759-597-0927
749,Wylma,Devinn,wdevinnks@google.pl,Female,450-656-4970
750,Nicolas,Lemmen,nlemmenkt@usgs.gov,Male,310-748-2205
751,Luisa,Brownlie,lbrownlieku@mapy.cz,Female,485-252-1748
752,Russell,Truckett,rtruckettkv@merriam-webster.com,Male,691-258-9431
753,Karmen,Aldam,kaldamkw@1688.com,Female,620-862-5472
754,Buckie,Ourry,bourrykx@wikimedia.org,Male,826-925-1144
755,Kasey,Braywood,kbraywoodky@altervista.org,Female,453-267-5216
756,Maxy,Brandle,mbrandlekz@bloglines.com,Female,291-576-3824
757,Matt,Deners,mdenersl0@linkedin.com,Male,251-650-2338
758,Gus,Aspy,gaspyl1@joomla.org,Female,297-690-3149
759,Nelli,Alday,naldayl2@stumbleupon.com,Female,914-695-3345
760,Noam,Langforth,nlangforthl3@scientificamerican.com,Male,132-724-5312
761,Laughton,Zuanelli,lzuanellil4@walmart.com,Non-binary,520-960-4903
762,Port,Houseman,phousemanl5@techcrunch.com,Male,406-948-8001
763,Lilia,Gregore,lgregorel6@blogs.com,Female,188-792-2876
764,Lyon,Adamthwaite,ladamthwaitel7@google.cn,Male,801-319-3026
765,Emery,Clemerson,eclemersonl8@addtoany.com,Male,781-388-6010
766,Maureen,Terry,mterryl9@deviantart.com,Female,245-653-1920
767,Kendrick,Johnke,kjohnkela@wikispaces.com,Male,824-471-2422
768,Bethina,Cavozzi,bcavozzilb@delicious.com,Female,872-688-1972
769,Roderick,Gostall,rgostalllc@shareasale.com,Male,880-688-9756
770,Marylynne,Mc Kellen,mmckellenld@wikia.com,Female,390-152-4358
771,Benjamen,Lucock,blucockle@nsw.gov.au,Male,488-268-5707
772,Ardelia,Fittall,afittalllf@cdbaby.com,Female,538-767-9885
773,Casar,Shiril,cshirillg@google.es,Male,667-745-8991
774,Gasparo,Arnoult,garnoultlh@mtv.com,Male,266-567-9754
775,Katy,Duinkerk,kduinkerkli@newsvine.com,Female,836-546-7691
776,Cyrus,Jimmison,cjimmisonlj@phpbb.com,Male,499-429-3361
777,Filbert,Vargas,fvargaslk@vimeo.com,Male,681-748-7353
778,Zacherie,Cops,zcopsll@tuttocitta.it,Male,307-961-3437
779,Kimbell,Drewry,kdrewrylm@mapy.cz,Male,405-821-1235
780,Fonsie,Busher,fbusherln@de.vu,Polygender,932-446-4826
781,Baxie,Roder,broderlo@ow.ly,Male,249-241-7856
782,Emanuel,Langwade,elangwadelp@bandcamp.com,Male,409-944-3171
783,Jaynell,Pomroy,jpomroylq@latimes.com,Agender,638-399-2644
784,Harlin,Cowey,hcoweylr@pinterest.com,Male,131-293-4986
785,Myrtia,Legge,mleggels@addthis.com,Female,815-353-4775
786,Bevin,Penrith,bpenrithlt@cbslocal.com,Male,333-282-1294
787,Michaela,Kremer,mkremerlu@moonfruit.com,Female,930-857-9560
788,Evangelia,Guillet,eguilletlv@java.com,Female,326-609-4518
789,Devlen,Daintree,ddaintreelw@army.mil,Male,625-542-0662
790,Chen,Skacel,cskacellx@sun.com,Male,537-815-0731
791,Agustin,Petyakov,apetyakovly@tripadvisor.com,Male,244-553-1973
792,Ibrahim,Thick,ithicklz@canalblog.com,Male,848-334-5202
793,Leonhard,Freebury,lfreeburym0@about.com,Male,619-767-0385
794,Cchaddie,Borrington,cborringtonm1@canalblog.com,Male,885-384-7939
795,Lexi,Edington,ledingtonm2@fema.gov,Female,857-770-4572
796,Micky,Douglass,mdouglassm3@prnewswire.com,Female,949-890-0561
797,Rowena,Browne,rbrownem4@toplist.cz,Female,466-114-2223
798,Granville,Grice,ggricem5@senate.gov,Male,401-159-9278
799,Alfred,Lomond,alomondm6@bigcartel.com,Male,777-355-6398
800,Joline,Norvill,jnorvillm7@yandex.ru,Female,833-900-1958
801,Skippy,Erdely,serdelym8@marketwatch.com,Male,398-949-6743
802,Rancell,Eingerfield,reingerfieldm9@msu.edu,Male,259-164-4582
803,Claudia,Fontanet,cfontanetma@g.co,Female,913-468-3244
804,Kiley,Escalero,kescaleromb@fema.gov,Female,375-192-4868
805,Vivyan,Chapier,vchapiermc@github.com,Genderfluid,647-603-7014
806,Kaitlyn,Figurski,kfigurskimd@uol.com.br,Female,670-212-8528
807,Arlene,Errigo,aerrigome@cam.ac.uk,Female,891-738-9247
808,Roderick,Enderson,rendersonmf@feedburner.com,Male,467-510-1927
809,Lynnett,Smogur,lsmogurmg@cargocollective.com,Female,866-246-0027
810,Edgar,Baal,ebaalmh@ucsd.edu,Male,751-305-3316
811,Quintina,Antoney,qantoneymi@lulu.com,Female,830-549-1684
812,Jewell,Manford,jmanfordmj@hc360.com,Female,699-520-9185
813,Marybelle,Fleote,mfleotemk@upenn.edu,Genderfluid,483-904-1202
814,Stavro,Standage,sstandageml@cyberchimps.com,Male,950-310-0971
815,Filide,Cordero,fcorderomm@amazon.co.uk,Female,200-145-8757
816,Lammond,Sturley,lsturleymn@yellowbook.com,Male,291-567-2429
817,Mitchael,Vigurs,mvigursmo@seesaa.net,Male,777-576-8648
818,Taryn,Koppe,tkoppemp@tinyurl.com,Female,987-150-9454
819,Normy,Probert,nprobertmq@networksolutions.com,Male,380-960-5991
820,Belita,Greatbank,bgreatbankmr@surveymonkey.com,Female,503-423-3600
821,Nataline,Pechell,npechellms@godaddy.com,Female,121-794-8227
822,Margalo,Feakins,mfeakinsmt@statcounter.com,Female,371-804-6704
823,Fulton,Fulks,ffulksmu@w3.org,Male,366-142-9173
824,Dael,Danelut,ddanelutmv@opensource.org,Male,174-410-2485
825,Wandie,Ley,wleymw@mayoclinic.com,Female,953-803-1822
826,Kahaleel,Florence,kflorencemx@feedburner.com,Non-binary,464-300-5926
827,Aurie,Cleyne,acleynemy@house.gov,Female,188-894-6555
828,Tillie,Reignould,treignouldmz@nih.gov,Female,682-704-7324
829,Rad,Poundesford,rpoundesfordn0@geocities.jp,Male,763-802-2177
830,Truman,Edlin,tedlinn1@dagondesign.com,Male,996-344-0077
831,Pamelina,Garritley,pgarritleyn2@usatoday.com,Female,131-324-5443
832,Maximilian,MattiCCI,mmatticcin3@census.gov,Male,723-109-9315
833,Ezri,Yakuntzov,eyakuntzovn4@patch.com,Male,356-464-9155
834,Collen,Gluyus,cgluyusn5@diigo.com,Female,447-207-4761
835,Frazer,Foch,ffochn6@patch.com,Male,953-609-9831
836,Donnie,Rochell,drochelln7@state.gov,Male,305-454-3079
837,Karina,Broomfield,kbroomfieldn8@theguardian.com,Polygender,476-110-9109
838,Anne,Lukianovich,alukianovichn9@bravesites.com,Female,879-719-6597
839,Aksel,Janku,ajankuna@w3.org,Male,866-966-0251
840,Valry,Haugen,vhaugennb@typepad.com,Female,864-531-9311
841,Ania,Negro,anegronc@canalblog.com,Female,754-417-9991
842,Pavia,Wellbelove,pwellbelovend@jugem.jp,Female,812-630-5495
843,Drusy,Pitford,dpitfordne@unblog.fr,Female,913-440-6895
844,Michaella,Stokes,mstokesnf@un.org,Bigender,452-256-6000
845,Kendra,Krimmer,kkrimmerng@webnode.com,Female,656-910-4544
846,Quentin,Warboy,qwarboynh@histats.com,Male,224-363-7912
847,Claudell,Jedrzejczyk,cjedrzejczykni@com.com,Male,835-368-3032
848,Myrtie,How,mhownj@google.com.au,Female,974-921-0612
849,Dinah,Spearing,dspearingnk@seattletimes.com,Female,928-415-8354
850,Eda,Liell,eliellnl@histats.com,Female,317-456-0819
851,Cacilie,Skeemor,cskeemornm@dagondesign.com,Female,407-966-9640
852,Madge,Gostage,mgostagenn@icq.com,Female,174-100-0741
853,Conrad,Dorracott,cdorracottno@slate.com,Male,540-971-6148
854,Kenyon,Corney,kcorneynp@ycombinator.com,Male,467-396-3346
855,Jecho,Dainty,jdaintynq@marriott.com,Male,872-228-8426
856,Veronica,Kingham,vkinghamnr@nba.com,Female,743-275-0833
857,Cherye,Erley,cerleyns@vk.com,Female,892-785-3015
858,Marji,Luney,mluneynt@mlb.com,Female,502-988-1623
859,Jeremias,Borne,jbornenu@mail.ru,Male,908-327-7192
860,Teressa,Aumerle,taumerlenv@cdbaby.com,Female,350-913-3791
861,Linus,Crossfeld,lcrossfeldnw@adobe.com,Male,523-995-0836
862,Sharla,Baugham,sbaughamnx@csmonitor.com,Female,227-365-8273
863,Evita,Haire,ehaireny@theatlantic.com,Genderqueer,985-559-7708
864,Mignon,Valler,mvallernz@topsy.com,Female,534-628-9151
865,Peter,Dallimore,pdallimoreo0@cargocollective.com,Male,363-552-6597
866,Jenilee,Netherclift,jnetherclifto1@youtube.com,Female,503-277-8176
867,Tommi,Linke,tlinkeo2@narod.ru,Female,604-475-3949
868,Denyse,Luney,dluneyo3@nba.com,Female,884-959-9200
869,Melly,Amerighi,mamerighio4@eventbrite.com,Female,112-427-0124
870,Roy,Joannet,rjoanneto5@xrea.com,Male,237-862-5865
871,Orson,Ortell,oortello6@time.com,Male,337-347-3531
872,Stafford,Maymond,smaymondo7@scribd.com,Non-binary,251-959-5595
873,Tessie,Arend,tarendo8@biglobe.ne.jp,Female,609-835-4860
874,Susette,Malpass,smalpasso9@mail.ru,Female,145-772-6479
875,Brade,Lindley,blindleyoa@php.net,Male,645-698-1431
876,Finn,O'Gready,fogreadyob@cnbc.com,Male,554-653-2219
877,Waylin,Common,wcommonoc@comsenz.com,Male,589-731-3785
878,Harriott,Kearey,hkeareyod@mit.edu,Female,362-347-2722
879,Venita,Sheber,vsheberoe@toplist.cz,Female,138-994-6044
880,Franzen,Mandre,fmandreof@columbia.edu,Male,549-833-3787
881,Corri,Plumridege,cplumridegeog@unicef.org,Female,214-799-5098
882,Vergil,Juden,vjudenoh@1und1.de,Male,453-910-9856
883,Thea,McCullogh,tmcculloghoi@zimbio.com,Female,501-274-0190
884,Northrop,Leadbeatter,nleadbeatteroj@mashable.com,Male,508-707-4520
885,Shurlocke,Bartalucci,sbartalucciok@ehow.com,Male,982-864-5357
886,Kienan,Tubbs,ktubbsol@4shared.com,Bigender,211-895-8435
887,Helaina,Fuzzens,hfuzzensom@cbslocal.com,Female,491-529-4998
888,Mandel,Clapp,mclappon@multiply.com,Male,548-745-6209
889,Daron,Brimicombe,dbrimicombeoo@creativecommons.org,Male,995-469-0155
890,Eadmund,Cabral,ecabralop@trellian.com,Male,434-251-8343
891,Lionello,Edds,leddsoq@amazon.co.jp,Male,899-805-4425
892,Emlen,Habron,ehabronor@sohu.com,Male,106-413-9435
893,Cello,Glanton,cglantonos@technorati.com,Male,873-710-8247
894,Price,Cornils,pcornilsot@msn.com,Male,647-432-7191
895,Eadmund,Fludgate,efludgateou@auda.org.au,Male,504-817-6779
896,Town,Hanner,thannerov@geocities.com,Male,121-342-8714
897,Alfie,Beddoes,abeddoesow@printfriendly.com,Bigender,983-107-0214
898,Rees,Thorns,rthornsox@pagesperso-orange.fr,Male,627-753-5807
899,Sigfried,Sandry,ssandryoy@odnoklassniki.ru,Male,706-780-7948
900,Timothee,Gerrelts,tgerreltsoz@multiply.com,Male,166-730-8218
901,Cal,Deex,cdeexp0@cnn.com,Male,868-443-3763
902,Kerwinn,de Voiels,kdevoielsp1@time.com,Male,201-913-1453
903,Killian,Younger,kyoungerp2@tmall.com,Polygender,665-328-4918
904,Staffard,Whenman,swhenmanp3@themeforest.net,Non-binary,519-756-9068
905,Harriett,Bleakman,hbleakmanp4@amazon.de,Female,136-463-0066
906,Noelani,Yair,nyairp5@hc360.com,Female,729-502-7775
907,Rosamond,Starte,rstartep6@twitter.com,Female,721-516-0136
908,Burke,Beverage,bbeveragep7@eventbrite.com,Male,724-243-8262
909,Tilda,Grishinov,tgrishinovp8@dailymail.co.uk,Female,751-704-3510
910,Ardyce,Satcher,asatcherp9@zimbio.com,Female,704-913-8457
911,Cirilo,Pickerin,cpickerinpa@fda.gov,Male,788-521-0338
912,Maggee,Sumpton,msumptonpb@abc.net.au,Female,829-122-4888
913,Hedvig,Welldrake,hwelldrakepc@pen.io,Genderqueer,656-580-1484
914,Teador,Alesio,talesiopd@sbwire.com,Male,108-318-8308
915,Abagail,Sedgemore,asedgemorepe@ustream.tv,Female,646-491-9086
916,Skip,Navan,snavanpf@imdb.com,Male,300-842-2230
917,Garold,Clausen,gclausenpg@cbc.ca,Male,884-911-9398
918,Araldo,Wiltshier,awiltshierph@goo.ne.jp,Male,901-955-5328
919,Colline,Paulley,cpaulleypi@qq.com,Female,358-960-3150
920,Gherardo,Tunmore,gtunmorepj@gizmodo.com,Male,912-835-7267
921,Shannah,Brewse,sbrewsepk@dmoz.org,Female,433-119-1672
922,Francene,Addy,faddypl@scientificamerican.com,Female,601-367-8432
923,Dorice,Mander,dmanderpm@themeforest.net,Female,909-628-9493
924,Verney,Micheli,vmichelipn@geocities.jp,Male,715-202-9691
925,Bradly,Crossman,bcrossmanpo@shop-pro.jp,Male,999-999-3939
926,Roxanna,Eddisforth,reddisforthpp@phoca.cz,Female,225-535-4899
927,Hermy,Spedding,hspeddingpq@joomla.org,Male,848-816-3859
928,Annadiana,Readshaw,areadshawpr@rambler.ru,Genderqueer,494-136-4442
929,Wandie,Braitling,wbraitlingps@quantcast.com,Female,813-501-5247
930,Cly,Woodyear,cwoodyearpt@who.int,Male,862-819-0474
931,Berta,Sim,bsimpu@bloglines.com,Female,173-869-7267
932,Cortney,Caltun,ccaltunpv@elpais.com,Female,162-717-9893
933,Maudie,Vanyakin,mvanyakinpw@jugem.jp,Female,800-729-7942
934,Valene,Shirland,vshirlandpx@slideshare.net,Female,576-668-7707
935,Analise,De Gregario,adegregariopy@cbsnews.com,Female,396-142-0401
936,Orsa,Barbera,obarberapz@dropbox.com,Female,198-143-6102
937,Hill,Stebbings,hstebbingsq0@spotify.com,Male,202-920-5036
938,Emmet,Wehnerr,ewehnerrq1@dropbox.com,Male,173-110-1105
939,Frank,Craise,fcraiseq2@howstuffworks.com,Female,163-970-0535
940,Anita,Barwack,abarwackq3@un.org,Female,749-938-5391
941,Graig,Dayment,gdaymentq4@seattletimes.com,Male,967-690-6300
942,Di,Grady,dgradyq5@last.fm,Female,719-598-1233
943,Henrietta,Ojeda,hojedaq6@imdb.com,Female,491-856-6483
944,Abbi,Straun,astraunq7@boston.com,Female,256-604-5128
945,Kristoforo,Rigden,krigdenq8@pcworld.com,Male,379-853-7002
946,Jennifer,Sine,jsineq9@patch.com,Female,550-561-4151
947,Garrik,Hovee,ghoveeqa@geocities.jp,Male,381-312-8594
948,Sherill,Rollings,srollingsqb@g.co,Female,345-880-8407
949,Filippo,Strute,fstruteqc@people.com.cn,Male,721-264-2958
950,Julieta,Lorrie,jlorrieqd@cloudflare.com,Female,341-638-1271
951,Daisey,Dawidsohn,ddawidsohnqe@pbs.org,Female,623-682-5761
952,Abramo,Smallshaw,asmallshawqf@mozilla.org,Male,148-770-8516
953,Petr,Domenichini,pdomenichiniqg@ted.com,Male,140-219-8541
954,Tiffy,Neame,tneameqh@webeden.co.uk,Female,451-302-4931
955,Flo,Isley,fisleyqi@over-blog.com,Female,209-163-4911
956,Tanitansy,Cail,tcailqj@gmpg.org,Female,542-661-5053
957,Jeromy,Huccaby,jhuccabyqk@sfgate.com,Male,778-303-8430
958,Boy,Elletson,belletsonql@gnu.org,Male,432-936-7001
959,Deidre,Simmill,dsimmillqm@reference.com,Agender,220-164-9067
960,Nannette,Torpie,ntorpieqn@earthlink.net,Female,813-304-0077
961,Rance,Anthonies,ranthoniesqo@php.net,Male,483-273-5317
962,Jennee,Shears,jshearsqp@goo.gl,Female,841-270-1785
963,Alaster,Grisard,agrisardqq@purevolume.com,Male,362-165-3132
964,Humphrey,Meran,hmeranqr@examiner.com,Male,885-724-1389
965,Karlis,Lukins,klukinsqs@com.com,Male,912-214-1720
966,Jackson,Cleave,jcleaveqt@cnn.com,Male,748-802-3521
967,Lucio,Shrieve,lshrievequ@yellowpages.com,Male,734-187-9287
968,Rodolphe,Angear,rangearqv@telegraph.co.uk,Male,189-118-2176
969,Reiko,Steptow,rsteptowqw@desdev.cn,Female,581-187-5743
970,Yolanda,Dalman,ydalmanqx@hexun.com,Female,479-772-9463
971,Selia,Dosdell,sdosdellqy@de.vu,Female,935-606-4421
972,Gino,McKeurton,gmckeurtonqz@cornell.edu,Male,751-682-2921
973,Benton,Ansty,banstyr0@stumbleupon.com,Male,492-346-7459
974,Wolfgang,Greetham,wgreethamr1@cbc.ca,Male,668-674-6223
975,Ethelbert,Masurel,emasurelr2@dedecms.com,Male,147-726-6537
976,Bartholomeus,Phifer,bphiferr3@elpais.com,Male,424-732-3484
977,Karina,Birk,kbirkr4@aboutads.info,Female,555-970-3414
978,Marlin,Stuckow,mstuckowr5@devhub.com,Agender,730-320-4040
979,Nata,Whetton,nwhettonr6@vinaora.com,Female,465-866-7132
980,Katha,Brocklehurst,kbrocklehurstr7@google.de,Female,917-196-3561
981,Clayson,Comford,ccomfordr8@rambler.ru,Male,180-134-2352
982,Tan,Kittel,tkittelr9@networksolutions.com,Polygender,857-779-1562
983,Bebe,Trytsman,btrytsmanra@com.com,Female,603-231-6105
984,Miguela,Hardy,mhardyrb@cloudflare.com,Female,453-612-7496
985,Bobbie,Nucciotti,bnucciottirc@ucsd.edu,Male,260-677-6003
986,Marjie,Juanes,mjuanesrd@merriam-webster.com,Female,169-136-8126
987,Elli,Steen,esteenre@scribd.com,Female,846-379-5650
988,Nathan,Van Arsdall,nvanarsdallrf@unicef.org,Male,608-659-7639
989,Connie,Doughton,cdoughtonrg@prnewswire.com,Male,926-936-3154
990,Jeramie,Blandamere,jblandamererh@flavors.me,Male,605-804-1531
991,Luca,Hubback,lhubbackri@constantcontact.com,Male,678-716-0005
992,Doralin,Oxtiby,doxtibyrj@i2i.jp,Female,166-917-4054
993,Katha,Samart,ksamartrk@t.co,Female,325-852-3315
994,Janenna,Daniels,jdanielsrl@intel.com,Non-binary,695-750-8295
995,Brita,Dicke,bdickerm@freewebs.com,Genderfluid,611-822-6831
996,Alessandro,Whartonby,awhartonbyrn@buzzfeed.com,Male,892-594-9785
997,Channa,Brownill,cbrownillro@uiuc.edu,Female,197-752-4604
998,Trix,Gwillim,tgwillimrp@nature.com,Bigender,690-443-0503
999,Eward,Heakey,eheakeyrq@kickstarter.com,Male,522-640-9864
1000,Errol,Faulkener,efaulkenerrr@flickr.com,Male,389-553-5708
